Manufacturer ID|Active (0/1)|Name *|Description|Short description|Meta title|Meta keywords|Meta description|Image URL|Магазин
1|1|Русский Фейерверк|"Компания «Русский Фейерверк» была основана в 1993 году и с тех пор постоянно укрепляет свои позиции на рынке пиротехники. Пиротехника русский фейерверк по своему размаху вполне соответствует названию марки. Их батареи салютов и другие изделия поражают воображение высококлассными эстетическими решениями, яркими огненными представлениями, от которых захватывает дух. Для пиротехники русский фейерверк Сергиев Посад является родиной и официальным адресом. У компании русский фейерверк каталог включает сотни наименований различной продукции, причем каждое изделие достойно украсить праздник самого высокого уровня. Купить продукцию компании русский фейерверк оптом можно на нашем сайте. Мы предлагаем на пиротехнику русский фейерверк цены производителя, поэтому покупать на нашем сайте можно по выгодной цене. У нас имеется большой выбор фейерверков и салютов в наличии на складе."||Компания Русский фейерверк, пиротехника русский фейерверк|русский фейерверк цены               русский фейерверк оптом       русский фейерверк каталог                 пиротехника русский фейерверк        русский фейерверк сергиев посад|О компании "Русский Фейерверк". Купить продукцию компании "Русский Фейерверк" оптом из каталога на нашем сайте по ценам производителя. Продукция в наличии! Доставка по РФ!||1^2
2|1|ФейерЛэнд|||||||1^2
3|1|Русская Пиротехника|"За долгие годы работы компания «Русская пиротехника» зарекомендовала себя как производитель высококлассных пиротехнических изделий бытового и профессионального классов. Салюты и фейерверки от «Русской пиротехники» станут изюминкой Вашего праздника, порадуют гостей и запомнятся им надолго. Эстетически выверенные композиции и высокое качество изделий оставят приятное впечатление. Русская пиротехника оптом продается на нашем сайте. У компании русская пиротехника каталог включает все категории пиротехнических изделий. Производства компании расположены в России, Европе и Китае. Продукцию компании русская пиротехника оптом можно заказать с доставкой по России."||Компания Русская Пиротехника|русская пиротехника оптом       русская пиротехника каталог|О компании "Русская пиротехника". Купить продукцию компании "Русская пиротехника" оптом из каталога на нашем сайте по ценам производителя. Продукция в наличии! Доставка по РФ!||1^2
4|1|Троицкий снаряжательный завод|"Троицкий снаряжательный завод – старейшее и крупнейшее в России производство пиротехнических изделий. Опыт поколений позволяет создавать уникальные и высококачественные фейерверки, хлопушки, петарды на лучшем современном оборудовании. ТСЗ пиротехника каталог насчитывает огромное количество пиротехнических изделий бытового назначения. Завод имеет собственное конструкторское бюро для разработки новой продукции. Пиротехника ТСЗ оптом продается на нашем сайте по очень выгодным ценам, что поможет увеличить Вашу прибыль. Менеджеры помогут подобрать оптимальный ассортимент для торговли в Вашем регионе. ТСЗ пиротехника оптом уже находится на нашем складе, поэтому незамедлительно будет доставлена на Вашу торговую точку без посредников. ТСЗ пиротехника поставляется в комплекте со всеми необходимыми сертификатами и другими документами, которые могут потребоваться при проверке."||Троицкий снаряжательный завод - продукция компании|тсз пиротехника каталог                                                            тсз пиротехника оптом                             тсз пиротехника                                           пиротехника тсз оптом                           Троицкий снарят|Пиротехника Троицкий снаряжательный завод. Купить ТСЗ пиротехнику оптом. Широкий ассортимент в наличии, доставка во все регионы РФ!||1^2
5|1|Пирофф|"Пиротехническая компания «Piroff» - это процветающая и динамично развивающаяся организация, которая придает решающее значение качеству своей работы. Пирофф пиротехника всегда надежна в использовании, эстетически выверена и призвана нести людям радость от праздника. Пирофф пиротехника каталог поражает разнообразием различных салютов, фонтанов, петард и других изделий. Продукцию компании Пирофф пиротехника оптом можно купить на нашем сайте по выгодной цене для развития Вашего бизнеса. Мы обеспечивает отличные условия закупки и доставки пиротехники в Ваш регион с собственного склада. Огромный ассортимент пиротехники Пирофф уже у нас в наличии, поэтому мы гарантируем отсутствие проволочек с доставкой заказа. Пирофф пиротехника комплектуется полным пакетом необходимых для торговли документов для Вашего удобства."||Пиротехника Пирофф - продукция компании|пирофф пиротехника                              пирофф пиротехника оптом                  пирофф пиротехника каталог|Широкий выбор пиротехники Piroff. Пирофф пиротехника - весь ассортимент в наличии. Оптовые цены в каталоге на пиротехнику Piroff. Быстрая доставка во все регионы.||1
6|1|DLED|||||||1
7|1|Уральский пиротехнический завод|"Уральский пиротехнический завод с 1970 года производит полный цикл изготовления различных пиротехнических изделий как бытовых, так и профессиональных. УПЗ пиротехника отличается высоким качеством и оригинальностью, поскольку производимая продукция разрабатывается собственным конструкторским бюро. Среди производимой продукции компании «Уральский пиротехнический завод» есть полный ассортимент развлекательной пиротехники на все случаи жизни от бенгальских огней до батарей высотных салютов. УПЗ пиротехника оптом имеется в наличии на нашем складе. Выбрать и заказать пиротехнические изделия можно в каталоге на сайте. Здесь Вы найдете максимально выгодные условия покупки и отличные цены. Мы обеспечиваем нашим партнерам быструю доставку пиротехники «Уральский пиротехнический завод» в разные регионы России и полный пакет необходимых сопутствующих документов."||Уральский пиротехнический завод  - продукция компании|УПЗ пиротехника                                         Уральский пиротехнический завод|Широкий ассортимент продукции УПЗ. Уральский пиротехнический завод - вся продукция в наличии на собственном складе. Оптовые цены на салюты УПЗ.||1
8|1|Большой праздник|||||||1
9|1|Салюты лучших коллекций|"«Салюты лучших коллекций» - это профессиональна пиротехническая компания, которая предлагает широкий ассортимент всевозможных видов пиротехники от хлопушек и петард до римских фонтанов и батарей салютов. СЛК пиротехника славится своим высоким качеством и эстетическими композициями. «Салюты лучших коллекций» давно зарекомендовали себя на рынке пиротехники с лучшей стороны, поэтому их продукция пользуется большим спросом и любовью покупателей. Купить продукцию «Салюты лучших коллекций» можно на нашем сайте. Весь представленный ассортимент уже находится у нас на складе и ожидает Ваш заказ. СЛК пиротехника оптом предлагается по лучшей цене для развития Вашего бизнеса. При необходимости можно получить консультацию менеджера по подбору ходового товара для Вашего региона. СЛК пиротехника имеет все необходимые документы и сертификаты для продажи и использования."||Салюты лучших коллекций, СЛК - продукция компании|СЛК пиротехника                                           Салюты лучших коллекций|Салюты лучших коллекций по оптовым ценам здесь! Весь ассортимент СЛК пиротехники в каталоге и в наличии на складе. Быстрая доставка оптовых покупок по РФ!||1
10|1|Галактика|"Пиротехническая компания «Галактика» является одним из безусловных лидеров российского рынка фейерверков. Пиротехника Галактика каталог включает в себя огромное количество наименований пиротехнических изделий от петард т фонтанов до крупных батарей фейерверков. Пиротехника Галактика пользуется высоким спросом за отличное качество производимой продукции и эстетическую продуманность изделий. На нашем сайте пиротехника Галактика оптом представлена во всем своем разнообразии. В каталоге можно выбрать и заказать салюты, хлопушки, фонтаны, фестивальные шары и другие изделия с доставкой. Пиротехника Галактика уже находится на нашем складе, что позволяет нам без задержек осуществлять доставку по России. Пиротехника Галактика оптом поставляется в комплекте со всех необходимой документацией."||Пиротехника Галактика - продукция компании|пиротехника галактика                            пиротехника галактика оптом               пиротехника галактика каталог|Пиротехника Галактика оптом. Большой выбор пиротехники Галактика в каталоге и в наличии на собственном складе. Фейерверки Галактика по оптовым ценам!||1
11|1|РуСалют|"Продукция торговой марки «Rusalut» представляет собой высококачественную и надежную в использовании пиротехнику, призванную оставлять у покупателя только положительные впечатления от праздника. Компания «Русалют» постоянно проводит мониторинг рынка, чтобы обеспечить своих покупателей интересными новинками и предоставить лучший выбор зарекомендовавших себя пиротехнических изделий. Ассортимент товара по маркой Русалют включает в себя римские свечи, хлопушки, бенгальские огни, батареи салютов, фестивальные шары и многое другое на любой вкус. В каталоге нашего сайта представлен большой выбор пиротехники оптом под маркой «Rusalut», которую можно заказать с доставкой в любой регион России. Мы можем предложить отличные цены на продукцию торговой марки «Русалют» для наших партнеров. Вся продукция имеет сертификаты и поставляется в комплекте с полным пакетом документов. Пиротехника «Rusalut» находится в наличии на нашем складе и будет без промедления отправлена транспортной компанией после Вашего заказа."||Пиротехника Русалют - продукция компании|Русалют                                                         Rusalut|Пиротехника торговой марки Rusalut. Высокое качество и оптовые цены фейерверков Русалют. Большой ассортимент пиротехники Rusalut уже на складе!||1
12|1|Триплекс|"Триплекс пиротехника является польской торговой маркой с длинной историей. На сегодняшний деньTriplexпиротехника производится в странах Европы и в Китае, на родине фейервеков. В ассортименте имеется богатый выбор разнообразных пиротехнических изделий, каждое из которых имеет высокие стандарты качества и эстетического исполнения. Триплекс пиротехника давно полюбилась покупателям из России благодаря надежности, высокому качеству и интересному исполнению. Triplexпиротехника оптом продается на нашем сайте. Заказать и купить фейерверк по выгодной цене можно в разделе «каталог». Стоит отметить, что выбранные изделия будут в кратчайший срок доставлены в любой регион России, поскольку Триплекс пиротехника уже ожидает заказов на нашем складе. В комплект поставки пиротехники входят все необходимые документы и сертификаты для продажи и использования пиротехники."||Пиротехника Триплекс - продукция компании|Триплекс пиротехника                             Triplex пиротехника|Пиротехника Триплекс в нашем каталоге по оптовым ценам! В наличии на складе широкий ассортимент пиротехники Triplex. Качество, подтвержденное сертификатами.||1
13|1|Фаворит Пиро Групп|||||||1
14|1|Домино|||||||1
